Hole ID,Depth,Charge,X,Y,Z
N/A,14.116,611.92948,-5399.442,4624.935,678.116
N1,14.454,616.0270495,-5363.884,4603.971,678.454
N10,14.758,619.5834305,-5418.444,4633.164,678.758
O4,14.886,624.8793458,-5381.112,4620.648,678.886
O5,14.510,617.334,-5390.220,4626.140,678.510
O6,14.300,612.100,-5401.540,4630.280,678.300
